Car, Brand, Model, Price, Website 
Maruti Suzuki Alto,Maruti Suzuki Alto,Alto,Rs154000,Cars24
Maruti Suzuki Alto,Maruti Suzuki Alto,Alto,Rs101480,Cars24
Maruti Suzuki Alto,Maruti Suzuki Alto,Alto,Rs125000,Cars24
Maruti Suzuki Alto,Maruti Suzuki Alto,Alto,Rs75000,Cars24
Maruti Suzuki Alto,Maruti Suzuki Alto,Alto,Rs40000,Cars24
Maruti Suzuki Alto,Maruti Suzuki Alto,Alto,Rs46000,Cars24
Maruti Suzuki Alto,Maruti Suzuki Alto,Alto,Rs60000,Cars24
Maruti Suzuki Alto,Maruti Suzuki Alto,Alto,Rs140000,Cars24
Maruti Suzuki Alto,Maruti Suzuki Alto,Alto,Rs120000,Cars24
Maruti Suzuki Alto,Maruti Suzuki Alto,Alto,Rs120000,Cars24
Maruti Suzuki Alto,Maruti Suzuki Alto,Alto,Rs140000,Cars24
Maruti Suzuki Alto,Maruti Suzuki Alto,Alto,Rs120000,Cars24
Maruti Suzuki Alto,Maruti Suzuki Alto,Alto,Rs80000,Cars24
Maruti Suzuki Alto,Maruti Suzuki Alto,Alto,Rs65000,Cars24
Maruti Suzuki Alto,Maruti Suzuki Alto,Alto,Rs55000,Cars24
Maruti Suzuki Alto,Maruti Suzuki Alto,Alto,Rs50000,Cars24
Maruti Suzuki Alto,Maruti Suzuki Alto,Alto,Rs90000,Cars24
Maruti Suzuki Alto,Maruti Suzuki Alto,Alto,Rs70000,Cars24
Maruti Suzuki Alto,Maruti Suzuki Alto,Alto,Rs70000,Cars24
Maruti Suzuki Alto,Maruti Suzuki Alto,Alto,Rs50000,Cars24
